{"_default": {"1": {"dado": 123, "ip_send": "10.152.0.139", "timestamp": 1710187583.032853}, "2": {"dado": 123, "ip_send": "10.152.0.139", "timestamp": 1710187611.5138109}, "3": {"dado": 123, "ip_send": "10.152.0.139", "timestamp": 1710187619.828819}, "4": {"dado": 123, "ip_send": "10.152.0.139", "timestamp": 1710187653.847241}, "5": {"dado": 123, "ip_send": "10.152.0.139", "timestamp": 1710187666.266127}, "6": {"dado": 123, "ip_send": "10.152.0.139", "timestamp": 1710187723.3412638}, "7": {"dado": 23456789, "ip_send": "10.152.0.139", "timestamp": 1710188353.006102}, "8": {"dado": 23456789, "ip_send": "172.20.10.5", "timestamp": 1710195512.4788392}, "9": {"dado": 23456789, "ip_send": "172.20.10.5", "timestamp": 1710195538.642069}, "10": {"dado": 23456789, "ip_send": "172.20.10.5", "timestamp": 1710195661.109215}, "11": {"dado": 23456789, "ip_send": "172.20.10.5", "timestamp": 1710195688.807777}, "12": {"dado": 23456789, "ip_send": "172.20.10.5", "timestamp": 1710196062.608858}, "13": {"dado": 23456789, "ip_send": "172.20.10.5", "timestamp": 1710196115.465178}, "14": {"dado": 23456789, "ip_send": "10.128.0.40", "timestamp": 1710196340.370911}, "15": {"dado": 23456789, "ip_send": "10.128.0.40", "timestamp": 1710196868.808345}, "16": {"dado": -10, "ip_send": "10.128.0.40", "timestamp": 1710196929.278768}, "17": {"dado": -9, "ip_send": "10.128.0.40", "timestamp": 1710196934.855476}, "18": {"dado": 384, "ip_send": "10.128.0.40", "timestamp": 1710197309.421133}, "19": {"dado": 400, "ip_send": "10.128.0.40", "timestamp": 1710197314.989017}, "20": {"dado": 400, "ip_send": "10.128.0.40", "timestamp": 1710197348.4427788}, "21": {"dado": 384, "ip_send": "10.128.0.40", "timestamp": 1710197388.359715}, "22": {"dado": 384, "ip_send": "10.128.0.40", "timestamp": 1710197393.932766}, "23": {"dado": 400, "ip_send": "10.128.0.40", "timestamp": 1710197399.093685}, "24": {"dado": 400, "ip_send": "10.128.0.40", "timestamp": 1710197404.7490351}, "25": {"dado": 400, "ip_send": "10.128.0.40", "timestamp": 1710197410.3249831}, "26": {"dado": 384, "ip_send": "10.128.0.40", "timestamp": 1710197415.438684}, "27": {"dado": 384, "ip_send": "10.128.0.40", "timestamp": 1710197420.556963}, "28": {"dado": 384, "ip_send": "10.128.0.40", "timestamp": 1710197425.687862}, "29": {"dado": 400, "ip_send": "10.128.0.40", "timestamp": 1710197430.875728}}}